{"cameraMode":{"drawMode":0,"name":"Shaded","section":"Shading Mode"},"sceneLighting":true,"audioPlay":false,"sceneViewState":{"showFog":true,"showMaterialUpdate":false,"showSkybox":true,"showFlares":true,"showImageEffects":true,"showParticleSystems":true,"showVisualEffectGraphs":true,"m_FxEnabled":true},"in2DMode":false,"pivot":{"x":197.46653747558595,"y":36.32358932495117,"z":232.96774291992188},"rotation":{"x":0.0463099479675293,"y":0.9549720883369446,"z":-0.22973105311393739,"w":0.18498045206069947},"size":1.3425897359848023,"orthographic":false}