{"cameraMode":{"drawMode":0,"name":"Shaded","section":"Shading Mode"},"sceneLighting":false,"audioPlay":false,"sceneViewState":{"showFog":true,"showMaterialUpdate":false,"showSkybox":false,"showFlares":true,"showImageEffects":true,"showParticleSystems":true,"showVisualEffectGraphs":true,"m_FxEnabled":true},"in2DMode":false,"pivot":{"x":0.16558420658111573,"y":1.6768954992294312,"z":0.40262532234191897},"rotation":{"x":0.12976661324501038,"y":-0.2695101499557495,"z":0.037080079317092898,"w":0.9539869427680969},"size":1.2973259687423707,"orthographic":false}